#,#,#,#,#,#,#,#,#,#,#,#,N,N,N,N,N,N,N,N,N,N,N,N,N,N,N,N,N,N,E
#,#,#,#,#,#,#,#,#,#,N,N,N,N,N,N,N,N,N,N,N,N,N,N,N,N,N,N,N,N,E
#,#,#,#,#,#,#,#,#,N,N,N,N,N,N,N,N,N,N,N,N,N,N,N,N,N,N,N,N,N,E
#,#,#,#,#,#,#,#,N,N,N,N,N,N,N,N,N,N,N,N,N,N,N,N,N,N,N,N,N,N,E
#,#,#,#,#,#,#,#,N,N,N,N,N,N,N,N,N,N,N,N,N,N,N,N,N,N,N,N,N,N,E
#,#,#,#,#,#,#,#,N,N,N,N,N,N,N,N,N,N,N,N,N,N,N,N,N,N,N,N,N,N,E
#,#,#,#,#,#,#,#,#,N,N,N,N,N,N,N,N,N,N,N,N,N,N,N,N,N,N,N,N,N,E
#,#,#,#,#,#,#,#,#,#,N,N,N,N,N,N,N,N,N,N,N,N,N,N,N,N,N,N,N,N,E
#,#,#,#,#,#,#,#,#,#,#,N,N,N,N,N,N,N,N,N,N,N,N,N,N,N,N,N,N,N,#
#,#,#,#,#,#,#,#,#,#,#,N,N,N,N,N,N,N,N,N,N,N,N,N,N,N,N,N,#,#,#
#,#,#,#,#,#,#,#,#,#,#,N,N,N,N,N,N,N,N,N,N,N,N,N,N,N,#,#,#,#,#
#,#,#,#,#,#,#,#,#,#,#,N,N,N,N,N,N,N,N,N,N,N,N,N,#,#,#,#,#,#,#
#,#,#,#,#,#,#,#,#,#,#,N,N,N,N,N,N,N,N,N,N,N,N,#,#,#,#,#,#,#,#
#,#,#,#,#,#,#,#,#,#,N,N,N,N,N,N,N,N,N,N,N,N,N,#,#,#,#,#,#,#,#
#,#,#,#,#,#,#,#,#,N,N,N,N,N,N,N,N,N,N,N,N,N,N,#,#,#,#,#,#,#,#
#,#,#,#,#,#,#,#,N,N,N,N,N,N,N,N,N,N,N,N,N,N,N,#,#,#,#,#,#,#,#
#,#,#,#,#,#,#,N,N,N,N,N,N,N,N,N,N,N,N,N,N,N,N,#,#,#,#,#,#,#,#
#,#,#,#,#,#,N,N,N,N,N,N,N,N,N,N,N,N,N,N,N,N,N,#,#,#,#,#,#,#,#
#,#,#,#,#,N,N,N,N,N,N,N,N,N,N,N,N,N,N,N,N,N,N,#,#,#,#,#,#,#,#
#,#,#,#,N,N,N,N,N,N,N,N,N,N,N,N,N,N,N,N,N,N,N,#,#,#,#,#,#,#,#
#,#,#,N,N,N,N,N,N,N,N,N,N,N,N,N,N,N,N,N,N,N,N,#,#,#,#,#,#,#,#
#,#,N,N,N,N,N,N,N,N,N,N,N,N,N,N,N,N,N,N,N,N,N,#,#,#,#,#,#,#,#
#,N,N,N,N,N,N,N,N,N,N,N,N,N,N,N,N,N,N,N,N,N,N,#,#,#,#,#,#,#,#
N,N,N,N,N,N,N,N,N,N,N,N,N,N,N,N,N,N,N,N,N,N,N,#,#,#,#,#,#,#,#
N,N,N,N,N,N,N,N,N,N,N,N,N,N,N,N,N,N,N,N,N,N,N,#,#,#,#,#,#,#,#
N,N,N,N,N,N,N,N,N,N,N,N,N,N,N,N,N,N,N,N,N,N,N,#,#,#,#,#,#,#,#
N,N,N,N,N,N,N,N,N,N,N,N,N,N,N,N,N,N,N,N,N,N,N,#,#,#,#,#,#,#,#
N,N,N,N,N,N,N,N,N,N,N,N,N,N,N,N,N,N,N,N,N,N,N,#,#,#,#,#,#,#,#
N,N,N,N,N,N,N,N,N,N,N,N,N,N,N,N,N,N,N,N,N,N,N,#,#,#,#,#,#,#,#
N,N,N,N,N,N,N,N,N,N,N,N,N,N,N,N,N,N,N,N,N,N,N,#,#,#,#,#,#,#,#
S,S,S,S,S,S,S,S,S,S,S,S,S,S,S,S,S,S,S,S,S,S,S,#,#,#,#,#,#,#,#